category,total_sales
Action,4375.84999999988
Animation,4656.29999999986
Children,3655.54999999991
Classics,3639.58999999991
Comedy,4383.57999999989
Documentary,4217.51999999989
Drama,4587.38999999987
Family,4226.06999999988
Foreign,4270.66999999989
Games,4281.32999999989
Horror,3722.53999999992
Music,3417.71999999993
New,4351.6199999999
Sci-Fi,4756.97999999987
Sports,5314.20999999985
Travel,3549.63999999993
